{
    "name": "root",
    "metadata": {
        "timer_format_version": "0.1.0",
        "start_time_seconds": "1749394694",
        "python_version": "3.10.11 (tags/v3.10.11:7d4cc5a, Apr  5 2023, 00:38:17) [MSC v.1929 64 bit (AMD64)]",
        "command_line_arguments": "C:\\Users\\zirol\\AppData\\Local\\Programs\\Python\\Python310\\Scripts\\mlagents-learn Config/ppo_agent.yaml --run-id=TestRun1.0",
        "mlagents_version": "1.1.0",
        "mlagents_envs_version": "1.1.0",
        "communication_protocol_version": "1.5.0",
        "pytorch_version": "2.7.1+cpu",
        "numpy_version": "1.23.5",
        "end_time_seconds": "1749394780"
    },
    "total": 85.24945970000044,
    "count": 1,
    "self": 0.005472499999086722,
    "children": {
        "run_training.setup": {
            "total": 0.5284971000000951,
            "count": 1,
            "self": 0.5284971000000951
        },
        "TrainerController.start_learning": {
            "total": 84.71549010000126,
            "count": 1,
            "self": 0.027549799999178504,
            "children": {
                "TrainerController._reset_env": {
                    "total": 10.122847299999194,
                    "count": 1,
                    "self": 10.122847299999194
                },
                "TrainerController.advance": {
                    "total": 73.59825570000248,
                    "count": 1717,
                    "self": 0.025162300045849406,
                    "children": {
                        "env_step": {
                            "total": 73.43417479999334,
                            "count": 1717,
                            "self": 71.91184680001788,
                            "children": {
                                "SubprocessEnvManager._take_step": {
                                    "total": 1.5044310000030237,
                                    "count": 1717,
                                    "self": 0.06358289999843691,
                                    "children": {
                                        "TorchPolicy.evaluate": {
                                            "total": 1.4408481000045867,
                                            "count": 1717,
                                            "self": 1.4408481000045867
                                        }
                                    }
                                },
                                "workers": {
                                    "total": 0.01789699997243588,
                                    "count": 1716,
                                    "self": 0.0,
                                    "children": {
                                        "worker_root": {
                                            "total": 12.127096599982906,
                                            "count": 1716,
                                            "is_parallel": true,
                                            "self": 4.769287100001748,
                                            "children": {
                                                "steps_from_proto": {
                                                    "total": 0.00026679999973566737,
                                                    "count": 1,
                                                    "is_parallel": true,
                                                    "self": 0.00015109999912965577,
                                                    "children": {
                                                        "_process_rank_one_or_two_observation": {
                                                            "total": 0.0001157000006060116,
                                                            "count": 2,
                                                            "is_parallel": true,
                                                            "self": 0.0001157000006060116
                                                        }
                                                    }
                                                },
                                                "UnityEnvironment.step": {
                                                    "total": 7.357542699981423,
                                                    "count": 1716,
                                                    "is_parallel": true,
                                                    "self": 0.09670899997581728,
                                                    "children": {
                                                        "UnityEnvironment._generate_step_input": {
                                                            "total": 0.07301839997489878,
                                                            "count": 1716,
                                                            "is_parallel": true,
                                                            "self": 0.07301839997489878
                                                        },
                                                        "communicator.exchange": {
                                                            "total": 6.876992600018639,
                                                            "count": 1716,
                                                            "is_parallel": true,
                                                            "self": 6.876992600018639
                                                        },
                                                        "steps_from_proto": {
                                                            "total": 0.3108227000120678,
                                                            "count": 1716,
                                                            "is_parallel": true,
                                                            "self": 0.1973663001535897,
                                                            "children": {
                                                                "_process_rank_one_or_two_observation": {
                                                                    "total": 0.11345639985847811,
                                                                    "count": 3432,
                                                                    "is_parallel": true,
                                                                    "self": 0.11345639985847811
                                                                }
                                                            }
                                                        }
                                                    }
                                                }
                                            }
                                        }
                                    }
                                }
                            }
                        },
                        "trainer_advance": {
                            "total": 0.13891859996329003,
                            "count": 1716,
                            "self": 0.03082939999330847,
                            "children": {
                                "process_trajectory": {
                                    "total": 0.10808919996998156,
                                    "count": 1716,
                                    "self": 0.10808919996998156
                                }
                            }
                        }
                    }
                },
                "TrainerController._save_models": {
                    "total": 0.9668373000004067,
                    "count": 1,
                    "self": 0.0010087000009662006,
                    "children": {
                        "RLTrainer._checkpoint": {
                            "total": 0.9658285999994405,
                            "count": 1,