{
    "name": "root",
    "metadata": {
        "timer_format_version": "0.1.0",
        "start_time_seconds": "1751495813",
        "python_version": "3.10.11 (tags/v3.10.11:7d4cc5a, Apr  5 2023, 00:38:17) [MSC v.1929 64 bit (AMD64)]",
        "command_line_arguments": "C:\\Users\\zirol\\AppData\\Local\\Programs\\Python\\Python310\\Scripts\\mlagents-learn Config/ppo_agent.yaml --run-id=Env3_1.0 --no-graphics",
        "mlagents_version": "1.1.0",
        "mlagents_envs_version": "1.1.0",
        "communication_protocol_version": "1.5.0",
        "pytorch_version": "2.7.1+cpu",
        "numpy_version": "1.23.5",
        "end_time_seconds": "1751497200"
    },
    "total": 1387.0110100000165,
    "count": 1,
    "self": 0.012952400022186339,
    "children": {
        "run_training.setup": {
            "total": 0.10828409995883703,
            "count": 1,
            "self": 0.10828409995883703
        },
        "TrainerController.start_learning": {
            "total": 1386.8897735000355,
            "count": 1,
            "self": 3.5382148121716455,
            "children": {
                "TrainerController._reset_env": {
                    "total": 12.275875100051053,
                    "count": 1,
                    "self": 12.275875100051053
                },
                "TrainerController.advance": {
                    "total": 1370.7389661878115,
                    "count": 121851,
                    "self": 1.5513330929679796,
                    "children": {
                        "env_step": {
                            "total": 1369.1876330948435,
                            "count": 121851,
                            "self": 1140.8969153038925,
                            "children": {
                                "SubprocessEnvManager._take_step": {
                                    "total": 226.4514591068728,
                                    "count": 121851,
                                    "self": 6.926109038759023,
                                    "children": {
                                        "TorchPolicy.evaluate": {
                                            "total": 219.52535006811377,
                                            "count": 121851,
                                            "self": 219.52535006811377
                                        }
                                    }
                                },
                                "workers": {
                                    "total": 1.8392586840782315,
                                    "count": 121850,
                                    "self": 0.0,
                                    "children": {
                                        "worker_root": {
                                            "total": 1308.5963048923295,
                                            "count": 121850,
                                            "is_parallel": true,
                                            "self": 375.182365673827,
                                            "children": {
                                                "steps_from_proto": {
                                                    "total": 0.00036339997313916683,
                                                    "count": 1,
                                                    "is_parallel": true,
                                                    "self": 0.0002133999951183796,
                                                    "children": {
                                                        "_process_rank_one_or_two_observation": {
                                                            "total": 0.00014999997802078724,
                                                            "count": 2,
                                                            "is_parallel": true,
                                                            "self": 0.00014999997802078724
                                                        }
                                                    }
                                                },
                                                "UnityEnvironment.step": {
                                                    "total": 933.4135758185294,
                                                    "count": 121850,
                                                    "is_parallel": true,
                                                    "self": 10.375116783194244,
                                                    "children": {
                                                        "UnityEnvironment._generate_step_input": {
                                                            "total": 9.073497996549122,
                                                            "count": 121850,
                                                            "is_parallel": true,
                                                            "self": 9.073497996549122
                                                        },
                                                        "communicator.exchange": {
                                                            "total": 880.8723580352962,
                                                            "count": 121850,
                                                            "is_parallel": true,
                                                            "self": 880.8723580352962
                                                        },
                                                        "steps_from_proto": {
                                                            "total": 33.092603003489785,
                                                            "count": 121850,
                                                            "is_parallel": true,
                                                            "self": 21.649377394467592,
                                                            "children": {
                                                                "_process_rank_one_or_two_observation": {
                                                                    "total": 11.443225609022193,
                                                                    "count": 243700,
                                                                    "is_parallel": true,
                                                                    "self": 11.443225609022193
                                                                }
                                                            }
                                                        }
                                                    }
                                                }
                                            }
                                        }
                                    }
                                }
                            }
                        }
                    }
                },
                "TrainerController._save_models": {
                    "total": 0.33671740000136197,
                    "count": 1,
                    "self": 0.0015604000072926283,
                    "children": {
                        "RLTrainer._checkpoint": {
                            "total": 0.33515699999406934,
                            "count": 1,
                            "self": 0.33515699999406934
                        }
                    }
                }
            }
        }
    }
}