{"count":1,"self":13.6523296,"total":16.1256235,"children":{"InitializeActuators":{"count":2,"self":0.0020266999999999998,"total":0.0020266999999999998,"children":null},"InitializeSensors":{"count":2,"self":0.0010448999999999999,"total":0.0010448999999999999,"children":null},"AgentSendState":{"count":42571,"self":0.1222442,"total":0.19621729999999998,"children":{"CollectObservations":{"count":17030,"self":0.0157279,"total":0.0157279,"children":null},"WriteActionMask":{"count":17030,"self":0.0205489,"total":0.0205489,"children":null},"RequestDecision":{"count":17030,"self":0.037696299999999995,"total":0.037696299999999995,"children":null}}},"DecideAction":{"count":42571,"self":1.6512943,"total":1.6512943,"children":null},"AgentAct":{"count":42571,"self":0.62271029999999994,"total":0.62271029999999994,"children":null}},"gauges":{},"metadata":{"timer_format_version":"0.1.0","start_time_seconds":"1750291812","unity_version":"2022.3.62f1","command_line_arguments":"C:\\Program Files\\Unity\\Hub\\Editor\\2022.3.62f1\\Editor\\Unity.exe -projectpath C:\\Users\\zirol\\TFM_Environment_Exploration_Agent -useHub -hubIPC -cloudEnvironment production","communication_protocol_version":"1.5.0","com.unity.ml-agents_version":"3.0.0","scene_name":"SampleScene","end_time_seconds":"1750291828"}}